AmountBucket,total_txn,fraud_txn,fraud_rate,avg_amount,high_risk_txn
0-10,99821,238,0.23842678394325845,3.8884160647559134,0
10-50,90327,55,0.06088987788811762,25.96939497603153,0
50-100,37179,55,0.14793297291481752,73.30719519083354,0
100-200,27629,43,0.15563357341923342,143.1901759021318,0
200-500,19661,48,0.24413814149839785,310.1419958293068,0
500-1000,6174,25,0.40492387431162946,693.4052688694525,0
1000+,2935,9,0.30664395229982966,1808.3962759795572,3
